City_ID,city,Country,Date,Lat,Lng,Max Temp,Humidity,Cloudiness,Wind
0,Assiniboia,CA,2022-11-23 13:31:46,49.6334,-105.9845,35.42,80,100,11.5
1,Port Alfred,ZA,2022-11-23 13:31:46,-33.5906,26.891,80.19,68,17,5.99
2,Mae Sot,TH,2022-11-23 13:31:47,16.7167,98.5667,80.42,81,78,1.97
3,Vaini,TO,2022-11-23 13:31:47,-21.2,-175.2,77.16,88,20,5.75
4,Tuktoyaktuk,CA,2022-11-23 13:31:48,69.4541,-133.0374,3.33,94,100,8.12
5,Volodarka,UA,2022-11-23 13:31:49,49.5248,29.9122,32.56,94,100,6.22
6,Busselton,AU,2022-11-23 13:31:49,-33.65,115.3333,60.76,85,98,10.71
7,Lorengau,PG,2022-11-23 13:31:50,-2.0226,147.2712,82.13,76,77,8.72
8,Progreso,MX,2022-11-23 13:31:50,21.2833,-89.6667,73.11,86,24,7.49
9,Saskylakh,RU,2022-11-23 13:31:51,71.9167,114.0833,-38.15,100,86,2.13
10,Mildura,AU,2022-11-23 13:31:45,-34.2,142.15,63.07,62,0,3.58
11,Jamestown,US,2022-11-23 13:27:13,42.097,-79.2353,33.39,80,0,5.75
12,Iqaluit,CA,2022-11-23 13:31:52,63.7506,-68.5145,-2.31,84,20,12.66
13,Bluff,NZ,2022-11-23 13:31:52,-46.6,168.3333,47.5,88,100,10.09
14,Dikson,RU,2022-11-23 13:31:53,73.5069,80.5464,-22.41,97,15,6.82
15,Bambous Virieux,MU,2022-11-23 13:31:53,-20.3428,57.7575,81.21,69,40,11.5
16,Puerto Ayora,EC,2022-11-23 13:31:54,-0.7393,-90.3518,68.56,96,79,3.0
17,Qaanaaq,GL,2022-11-23 13:27:47,77.484,-69.3632,19.24,82,100,4.79
18,Atuona,PF,2022-11-23 13:31:54,-9.8,-139.0333,78.31,72,20,16.96
19,Kaitangata,NZ,2022-11-23 13:31:55,-46.2817,169.8464,45.7,95,100,5.91
20,Olinda,BR,2022-11-23 13:31:55,-8.0089,-34.8553,83.93,61,20,6.91
21,Hilo,US,2022-11-23 13:31:56,19.7297,-155.09,69.62,88,100,4.61
22,Lebu,CL,2022-11-23 13:31:57,-37.6167,-73.65,61.77,77,10,11.99
23,Prince Rupert,CA,2022-11-23 13:31:57,54.3161,-130.3201,46.09,85,100,26.46
24,Longyearbyen,SJ,2022-11-23 13:31:58,78.2186,15.6401,35.44,75,75,11.5
25,Ajaccio,FR,2022-11-23 13:29:19,42.0,8.9167,57.25,88,75,3.44
26,Trairi,BR,2022-11-23 13:27:24,-3.2778,-39.2689,84.13,59,98,14.29
27,Hermanus,ZA,2022-11-23 13:31:59,-34.4187,19.2345,75.79,59,2,28.72
28,Male,MV,2022-11-23 13:30:25,4.1748,73.5089,84.15,74,75,16.11
29,Rikitea,PF,2022-11-23 13:31:59,-23.1203,-134.9692,73.65,81,99,10.98
30,Ushuaia,AR,2022-11-23 13:32:00,-54.8,-68.3,51.46,43,40,13.8
31,Cape Town,ZA,2022-11-23 13:32:00,-33.9258,18.4232,72.12,65,75,25.32
32,Tiznit,MA,2022-11-23 13:32:01,29.5833,-9.5,77.29,23,1,5.06
33,Esperance,AU,2022-11-23 13:32:02,-33.8667,121.9,71.89,38,56,21.94
34,Mataura,NZ,2022-11-23 13:32:02,-46.1927,168.8643,43.59,99,100,1.54
35,Coquimbo,CL,2022-11-23 13:32:03,-29.9533,-71.3436,58.73,88,100,5.75
36,Srebrenica,BA,2022-11-23 13:32:04,44.1064,19.2969,44.8,93,100,2.73
37,Bredasdorp,ZA,2022-11-23 13:32:05,-34.5322,20.0403,80.78,29,47,26.57
38,Albany,US,2022-11-23 13:30:34,42.6001,-73.9662,38.3,78,28,1.01
39,Berlevag,NO,2022-11-23 13:32:06,70.8578,29.0864,24.8,68,0,6.91
40,Kristinehamn,SE,2022-11-23 13:32:06,59.3098,14.1081,32.56,94,100,12.82
41,New Norfolk,AU,2022-11-23 13:32:07,-42.7826,147.0587,54.91,65,100,3.0
42,Hofn,IS,2022-11-23 13:32:07,64.2539,-15.2082,39.22,81,100,28.77
43,Alyangula,AU,2022-11-23 13:27:33,-13.8483,136.4192,84.02,67,49,6.38
44,Cabo San Lucas,MX,2022-11-23 13:31:20,22.8909,-109.9124,69.51,76,0,9.22
45,Bandarbeyla,SO,2022-11-23 13:32:09,9.4942,50.8122,79.27,72,0,15.23
46,Mar Del Plata,AR,2022-11-23 13:33:45,-38.0023,-57.5575,73.83,54,0,23.02
47,Saint-Philippe,RE,2022-11-23 13:33:46,-21.3585,55.7679,80.19,78,93,9.53
48,Barrow,US,2022-11-23 13:33:46,71.2906,-156.7887,8.62,78,100,12.66
49,Punta Arenas,CL,2022-11-23 13:33:47,-53.15,-70.9167,50.11,50,20,50.64
50,Ekibastuz,KZ,2022-11-23 13:33:47,51.6667,75.3667,3.52,90,9,2.86
51,Namibe,AO,2022-11-23 13:33:48,-15.1961,12.1522,77.54,63,95,11.65
52,Rundu,NA,2022-11-23 13:33:48,-17.9333,19.7667,84.69,42,100,17.56
53,Khilok,RU,2022-11-23 13:33:49,51.3674,110.4676,7.25,95,83,2.93
54,Hithadhoo,MV,2022-11-23 13:33:50,-0.6,73.0833,81.82,75,64,12.28
55,Suleya,RU,2022-11-23 13:33:51,55.1352,58.8792,18.27,86,100,5.55
56,Salalah,OM,2022-11-23 13:33:51,17.0151,54.0924,82.49,61,75,6.91
57,Torbay,CA,2022-11-23 13:28:52,47.6666,-52.7314,30.58,83,100,9.22
58,Nanton,CA,2022-11-23 13:33:52,50.3501,-113.7687,35.65,89,100,6.44
59,Podor,MR,2022-11-23 13:33:53,16.6527,-14.9587,90.84,9,1,10.76
60,Yellowknife,CA,2022-11-23 13:30:18,62.456,-114.3525,25.32,100,100,9.22
61,Hobart,AU,2022-11-23 13:30:04,-42.8794,147.3294,55.26,74,100,12.66
62,Te Anau,NZ,2022-11-23 13:33:53,-45.4167,167.7167,42.67,93,96,4.29
63,Santa Maria,BR,2022-11-23 13:33:54,-29.6842,-53.8069,72.7,56,20,4.61
64,Kavieng,PG,2022-11-23 13:33:54,-2.5744,150.7967,82.8,68,48,13.42
65,Isangel,VU,2022-11-23 13:33:55,-19.55,169.2667,78.73,87,5,4.9
66,Yeovil,GB,2022-11-23 13:32:56,50.9416,-2.6321,54.95,78,20,13.8
67,Sayyan,YE,2022-11-23 13:33:55,15.1718,44.3244,61.79,31,46,7.65
68,Carai,BR,2022-11-23 13:33:56,-17.1889,-41.6947,74.32,78,86,3.44
69,Quatre Cocos,MU,2022-11-23 13:33:56,-20.2078,57.7625,81.09,72,1,11.63
70,Husavik,IS,2022-11-23 13:33:57,66.0449,-17.3389,37.17,79,92,25.95
71,Bethel,US,2022-11-23 13:33:57,41.3712,-73.414,45.01,56,3,5.46
72,Port Elizabeth,ZA,2022-11-23 13:32:45,-33.918,25.5701,80.89,57,0,14.97
73,Vila,PT,2022-11-23 13:33:33,42.0304,-8.1588,50.88,84,97,5.44
74,Ugoofaaru,MV,2022-11-23 13:33:58,5.6667,73.0,80.4,77,98,11.81
75,Lieksa,FI,2022-11-23 13:29:49,63.3167,30.0167,19.71,86,65,8.75
76,Hasaki,JP,2022-11-23 13:33:59,35.7333,140.8333,55.22,91,100,21.43
77,Zharkent,KZ,2022-11-23 13:34:00,44.1628,80.0,37.26,90,100,2.68
78,Nikolskoye,RU,2022-11-23 13:34:00,59.7035,30.7861,26.49,91,93,5.44
79,Namatanai,PG,2022-11-23 13:34:01,-3.6667,152.4333,79.84,74,90,8.28
80,Mackay,AU,2022-11-23 13:30:50,-21.15,149.2,78.67,86,60,8.25
81,Polovinnoye,RU,2022-11-23 13:34:02,54.7914,65.9864,7.79,88,93,6.15
82,Ancud,CL,2022-11-23 13:34:02,-41.8697,-73.8203,57.22,95,100,9.31
83,Soria,ES,2022-11-23 13:34:03,41.6667,-2.6667,54.1,100,99,18.41
84,Kabalo,CD,2022-11-23 13:34:04,-6.05,26.9167,80.08,72,43,3.24
85,Seoul,KR,2022-11-23 13:29:29,37.5683,126.9778,44.2,59,0,5.75
86,Gotsu,JP,2022-11-23 13:34:05,35.0,132.2167,58.41,76,100,14.05
87,Avarua,CK,2022-11-23 13:34:05,-21.2078,-159.775,75.25,83,20,12.66
88,Rawson,AR,2022-11-23 13:34:06,-43.3002,-65.1023,75.18,33,0,23.91
89,Kangaatsiaq,GL,2022-11-23 13:34:07,68.3065,-53.4641,24.42,91,100,9.82
90,Lamar,US,2022-11-23 13:34:07,33.6668,-95.5836,50.36,86,100,4.61
91,Itarema,BR,2022-11-23 13:35:08,-2.9248,-39.9167,85.28,58,100,17.11
92,Carnarvon,AU,2022-11-23 13:35:09,-24.8667,113.6333,70.79,74,0,19.08
93,Ilulissat,GL,2022-11-23 13:35:10,69.2167,-51.1,7.68,91,88,3.85
94,Taoudenni,ML,2022-11-23 13:35:10,22.6783,-3.9836,82.99,8,99,13.91
95,Port Blair,IN,2022-11-23 13:35:11,11.6667,92.75,79.79,81,100,8.16
96,Klaksvik,FO,2022-11-23 13:35:12,62.2266,-6.589,47.32,91,82,28.66
97,Vao,NC,2022-11-23 13:35:12,-22.6667,167.4833,75.58,82,100,8.12
98,Basak,PH,2022-11-23 13:35:13,6.7274,124.1512,73.9,87,100,3.36
99,Severo-Kurilsk,RU,2022-11-23 13:35:13,50.6789,156.125,32.9,65,95,24.45
100,Tolaga Bay,NZ,2022-11-23 13:35:14,-38.3667,178.3,59.83,65,6,10.33
101,Jian,CN,2022-11-23 13:35:15,27.1172,114.9793,60.58,88,97,2.26
102,Edd,ER,2022-11-23 13:35:15,13.9297,41.6925,88.9,43,4,26.26
103,Fairview,US,2022-11-23 13:35:16,40.8126,-73.999,48.22,48,0,10.0
104,Fortuna,US,2022-11-23 13:31:59,40.5982,-124.1573,50.99,97,100,4.61
105,Hualmay,PE,2022-11-23 13:35:17,-11.0964,-77.6139,69.33,76,1,7.36
106,Vestmannaeyjar,IS,2022-11-23 13:35:17,63.4427,-20.2734,41.99,70,75,41.43
107,Fort Nelson,CA,2022-11-23 13:30:48,58.8053,-122.7002,18.95,87,40,4.61
108,Kapaa,US,2022-11-23 13:35:18,22.0752,-159.319,68.32,83,40,4.61
109,Ostrovnoy,RU,2022-11-23 13:35:19,68.0531,39.5131,33.08,80,100,2.77
110,East London,ZA,2022-11-23 13:35:20,-33.0153,27.9116,86.94,48,0,12.66
111,Chuy,UY,2022-11-23 13:35:20,-33.6971,-53.4616,70.95,39,42,4.16
112,Huarmey,PE,2022-11-23 13:35:21,-10.0681,-78.1522,69.44,77,2,6.82
113,Sao Jose Da Coroa Grande,BR,2022-11-23 13:35:22,-8.8978,-35.1478,83.41,60,50,8.39
114,Chokurdakh,RU,2022-11-23 13:35:22,70.6333,147.9167,-25.11,98,99,6.82
115,Avera,US,2022-11-23 13:35:23,33.194,-82.5271,53.11,47,89,7.43
116,Dingle,PH,2022-11-23 13:35:23,10.9995,122.6711,77.25,90,100,7.05
117,Tessalit,ML,2022-11-23 13:33:37,20.1986,1.0114,85.48,9,100,13.94
118,Hamilton,US,2022-11-23 13:33:58,39.1834,-84.5333,38.93,68,0,3.44
119,Silao,MX,2022-11-23 13:35:24,20.9333,-101.4333,50.38,100,0,0.0
120,Turayf,SA,2022-11-23 13:35:25,31.6725,38.6637,75.45,46,0,9.22
121,Narsaq,GL,2022-11-23 13:30:28,60.9167,-46.05,43.02,64,100,12.91
122,Bathsheba,BB,2022-11-23 13:32:01,13.2167,-59.5167,83.01,74,20,18.41
123,Kodiak,US,2022-11-23 13:33:20,57.79,-152.4072,24.31,58,0,8.05
124,Jasper,US,2022-11-23 13:32:32,37.2001,-94.3502,43.56,83,40,6.91
125,Kashmor,PK,2022-11-23 13:35:27,28.4333,69.5833,74.19,12,14,6.38
126,Gazanjyk,TM,2022-11-23 13:35:27,39.2446,55.5154,66.04,28,100,7.18
127,Manokwari,ID,2022-11-23 13:35:28,-0.8667,134.0833,79.88,80,99,3.18
128,Harper,LR,2022-11-23 13:35:28,4.375,-7.7169,83.7,68,100,8.75
129,Khani,GE,2022-11-23 13:35:29,41.9563,42.9566,60.37,55,7,4.88
130,Alto Piquiri,BR,2022-11-23 13:35:30,-24.0281,-53.4406,77.38,67,55,6.89
131,Mattru,SL,2022-11-23 13:35:30,7.6244,-11.8332,91.27,45,100,2.59
132,Dongsheng,CN,2022-11-23 13:35:31,39.8161,109.9776,37.04,44,5,11.41
133,Arraial Do Cabo,BR,2022-11-23 13:30:50,-22.9661,-42.0278,80.56,69,40,21.85
134,Maragogi,BR,2022-11-23 13:35:32,-9.0122,-35.2225,83.53,60,59,9.22
135,Thompson,CA,2022-11-23 13:34:00,55.7435,-97.8558,28.56,100,100,6.91
136,Asosa,ET,2022-11-23 13:35:32,10.0667,34.5333,76.6,37,75,2.98
137,Poum,NC,2022-11-23 13:36:33,-20.2333,164.0167,79.23,75,11,13.67
138,Kansk,RU,2022-11-23 13:36:34,56.2017,95.7175,4.89,81,100,16.75
139,Kirakira,SB,2022-11-23 13:36:34,-10.4544,161.9205,79.74,84,12,5.35
140,Camopi,GF,2022-11-23 13:36:35,3.1655,-52.3158,90.14,47,98,4.65
141,Imbituba,BR,2022-11-23 13:34:29,-28.24,-48.6703,72.86,93,100,7.72
142,Georgetown,MY,2022-11-23 13:36:35,5.4112,100.3354,80.53,94,20,2.3
143,Castro,BR,2022-11-23 13:36:36,-24.7911,-50.0119,73.31,73,42,8.03
144,Batagay,RU,2022-11-23 13:36:36,67.6333,134.6333,-40.7,99,83,2.68
145,Bengkulu,ID,2022-11-23 13:36:37,-3.8004,102.2655,76.05,86,100,8.14
146,Ixtapa,MX,2022-11-23 13:36:37,20.7,-105.2,70.23,94,0,4.61
147,Lasa,IT,2022-11-23 13:36:38,46.6166,10.7002,45.01,80,2,2.44
148,Port Lincoln,AU,2022-11-23 13:36:38,-34.7333,135.8667,55.6,74,7,5.66
149,Ergani,TR,2022-11-23 13:36:39,38.2653,39.7621,55.45,47,17,2.98
150,Goundam,ML,2022-11-23 13:36:39,16.4145,-3.6708,93.09,9,100,12.53
151,Ponta Do Sol,PT,2022-11-23 13:36:40,32.6667,-17.1,72.23,70,66,5.91
152,San Julian,MX,2022-11-23 13:36:40,21.0167,-102.1667,59.83,65,97,3.85
153,Gaziantep,TR,2022-11-23 13:36:41,37.0594,37.3825,58.93,59,0,8.05
154,Faanui,PF,2022-11-23 13:36:41,-16.4833,-151.75,79.45,75,6,5.12
155,Cap Malheureux,MU,2022-11-23 13:36:42,-19.9842,57.6142,80.47,65,2,15.88
156,Talnakh,RU,2022-11-23 13:36:42,69.4865,88.3972,-27.69,97,63,1.77
157,Dunedin,NZ,2022-11-23 13:32:28,-45.8742,170.5036,53.8,56,99,11.01
158,Turukhansk,RU,2022-11-23 13:36:43,65.8167,87.9833,-25.22,90,100,4.0
159,Makakilo City,US,2022-11-23 13:36:43,21.3469,-158.0858,73.72,74,40,5.75
160,Maarianhamina,AX,2022-11-23 13:36:43,60.0973,19.9348,31.86,86,100,8.05
161,Rantepao,ID,2022-11-23 13:36:44,-2.9701,119.8978,68.63,96,100,2.08
162,Grindavik,IS,2022-11-23 13:36:44,63.8424,-22.4338,39.67,52,0,33.38
163,Sungurlu,TR,2022-11-23 13:36:45,40.1675,34.3739,57.61,44,100,4.09
164,Adre,TD,2022-11-23 13:36:45,13.4667,22.2,88.29,15,100,0.29
165,Ucluelet,CA,2022-11-23 13:36:46,48.9329,-125.5528,45.09,92,99,6.78
166,Singkang,MY,2022-11-23 13:36:46,2.1006,102.7994,75.97,90,79,3.24
167,Emerald,AU,2022-11-23 13:36:47,-23.5333,148.1667,75.34,37,16,6.67
168,Kalabo,ZM,2022-11-23 13:34:17,-14.97,22.6814,82.42,49,67,8.28
169,Khatanga,RU,2022-11-23 13:36:47,71.9667,102.5,-40.09,100,50,3.13
170,Zlitan,LY,2022-11-23 13:36:48,32.4674,14.5687,69.46,43,6,19.22
171,Varena,LT,2022-11-23 13:36:48,54.2167,24.5667,22.69,94,72,3.02
172,Noumea,NC,2022-11-23 13:33:15,-22.2763,166.4572,73.38,86,48,7.31
173,Nemuro,JP,2022-11-23 13:36:49,43.3236,145.575,45.73,70,100,15.99
174,Caxias,PT,2022-11-23 13:36:49,38.7031,-9.2767,68.59,81,40,8.05
175,Ribeira Grande,PT,2022-11-23 13:36:49,38.5167,-28.7,63.0,82,75,14.0
176,Aberdeen,GB,2022-11-23 13:35:21,57.1437,-2.0981,48.69,93,75,20.71
177,Pangnirtung,CA,2022-11-23 13:36:50,66.1451,-65.7125,5.0,85,75,2.3
178,Ossora,RU,2022-11-23 13:36:51,59.2353,163.0719,20.89,91,41,7.54
179,Qasigiannguit,GL,2022-11-23 13:36:51,68.8193,-51.1922,6.8,89,89,4.27
180,Kununurra,AU,2022-11-23 13:36:51,-15.7667,128.7333,80.58,78,100,5.75
181,Pacific Grove,US,2022-11-23 13:36:52,36.6177,-121.9166,57.42,86,0,4.61
182,Tazovskiy,RU,2022-11-23 13:36:52,67.4667,78.7,-33.18,100,42,4.36
183,Staryy Nadym,RU,2022-11-23 13:36:53,65.6118,72.6842,1.11,98,100,2.04
184,Xinyu,CN,2022-11-23 13:36:53,27.8043,114.9334,61.02,79,83,2.66
185,Vila Franca Do Campo,PT,2022-11-23 13:37:54,37.7167,-25.4333,62.2,94,100,4.25
186,Manta,EC,2022-11-23 13:36:32,-0.95,-80.7333,71.38,88,75,6.91
187,Nome,US,2022-11-23 13:33:20,64.5011,-165.4064,12.27,85,100,3.44
188,Tuatapere,NZ,2022-11-23 13:37:55,-46.1333,167.6833,42.87,94,100,5.66
189,Saint Anthony,US,2022-11-23 13:37:55,45.0205,-93.218,26.15,92,0,3.44
190,Lima,PE,2022-11-23 13:35:00,-12.0432,-77.0282,74.89,67,40,9.22
191,Lalpur,IN,2022-11-23 13:37:56,22.2,69.9667,79.65,24,36,9.01
192,Tiksi,RU,2022-11-23 13:37:56,71.6872,128.8694,-24.9,100,100,3.74
193,Labuhan,ID,2022-11-23 13:37:57,-6.8844,112.2051,80.06,81,100,2.77
194,Northam,GB,2022-11-23 13:37:57,51.0333,-4.2167,51.39,80,35,28.41
195,Bishop Auckland,GB,2022-11-23 13:37:58,54.6555,-1.6771,47.32,91,100,3.0
196,Mount Gambier,AU,2022-11-23 13:37:58,-37.8333,140.7667,51.93,83,100,4.25
197,College,US,2022-11-23 13:37:59,64.8569,-147.8028,15.75,86,100,3.44
198,Tasiilaq,GL,2022-11-23 13:37:59,65.6145,-37.6368,32.16,77,100,7.74
199,Kaman,IN,2022-11-23 13:38:00,27.65,77.2667,67.28,23,0,6.2
200,San Cristobal,VE,2022-11-23 13:38:00,7.7669,-72.225,64.58,62,64,2.08
201,Tabou,CI,2022-11-23 13:38:01,4.423,-7.3528,83.52,67,100,7.85
202,Stromness,GB,2022-11-23 13:38:01,58.965,-3.296,48.87,82,99,24.0
203,Pochutla,MX,2022-11-23 13:38:02,15.7432,-96.4661,75.81,70,43,2.46
204,Concordia,AR,2022-11-23 13:38:02,-31.393,-58.0209,73.47,50,0,4.61
205,Pringsewu,ID,2022-11-23 13:38:03,-5.3582,104.9744,74.48,94,83,1.63
206,Victoria,HK,2022-11-23 13:34:48,22.2855,114.1577,75.38,90,99,13.0
207,Vangaindrano,MG,2022-11-23 13:38:04,-23.35,47.6,77.34,79,55,11.18
208,Tambura,SS,2022-11-23 13:38:05,5.6,27.4667,82.22,54,96,6.58
209,Clyde River,CA,2022-11-23 13:38:05,70.4692,-68.5914,-5.57,77,0,10.36
210,Sola,VU,2022-11-23 13:38:06,-13.8833,167.55,82.38,71,18,9.71
211,Butaritari,KI,2022-11-23 13:38:06,3.0707,172.7902,81.14,72,100,6.8
212,Kalemie,CD,2022-11-23 13:38:07,-5.9475,29.1947,76.8,75,34,3.06
213,Menzelinsk,RU,2022-11-23 13:38:07,55.7271,53.1026,23.52,95,100,14.41
214,Kalaleh,IR,2022-11-23 13:38:09,37.3807,55.4916,71.2,28,0,4.61
215,Upernavik,GL,2022-11-23 13:38:09,72.7868,-56.1549,20.57,79,100,4.79
216,Kushmurun,KZ,2022-11-23 13:38:10,52.4503,64.6311,13.21,90,100,7.74
217,Alofi,NU,2022-11-23 13:38:11,-19.0595,-169.9187,71.49,100,3,4.61
218,Beringovskiy,RU,2022-11-23 13:38:12,63.05,179.3167,9.79,95,100,5.91
219,Dwarka,IN,2022-11-23 13:38:12,22.2394,68.9678,78.89,51,14,8.95
220,Saldanha,ZA,2022-11-23 13:38:13,-33.0117,17.9442,73.45,69,20,18.07
221,Pomuch,MX,2022-11-23 13:38:14,20.1333,-90.1833,71.6,91,30,3.4
222,Omboue,GA,2022-11-23 13:38:14,-1.5746,9.2618,82.26,77,96,7.34
223,Kaeo,NZ,2022-11-23 13:38:15,-35.1,173.7833,58.5,80,1,12.44
224,El Tigre,VE,2022-11-23 13:38:16,8.8875,-64.2454,81.14,64,63,11.1
225,Staroshcherbinovskaya,RU,2022-11-23 13:36:17,46.6311,38.6742,46.24,79,19,3.4
226,Wajir,KE,2022-11-23 13:38:17,1.7471,40.0573,91.74,31,64,9.33
227,Bejar,ES,2022-11-23 13:38:18,40.3864,-5.7634,55.6,79,100,9.78
228,Anloga,GH,2022-11-23 13:38:18,5.7947,0.8973,85.32,63,11,9.04
229,Zerbst,DE,2022-11-23 13:38:19,51.9667,12.0833,48.33,83,54,7.76
230,Tiarei,PF,2022-11-23 13:33:20,-17.5333,-149.3333,77.02,82,100,12.71
231,Hami,CN,2022-11-23 13:39:20,42.8,93.45,33.87,45,83,0.56
232,Airai,TL,2022-11-23 13:39:20,-8.9266,125.4092,64.11,89,100,1.9
233,Karratha,AU,2022-11-23 13:39:21,-20.7377,116.8463,79.14,65,59,11.1
234,Eston,CA,2022-11-23 13:39:21,51.1501,-108.7514,29.91,83,100,16.91
235,Carmo Do Rio Claro,BR,2022-11-23 13:39:22,-20.9719,-46.1189,71.78,76,100,5.48
236,Sokoto,NG,2022-11-23 13:39:22,13.0609,5.239,93.52,8,0,13.24
237,Deputatskiy,RU,2022-11-23 13:39:23,69.3,139.9,-31.23,100,98,1.97
238,Berbera,SO,2022-11-23 13:39:23,10.4396,45.0143,81.45,62,0,18.63
239,Itaituba,BR,2022-11-23 13:39:24,-4.2761,-55.9836,82.56,83,40,4.61
240,Pokhara,NP,2022-11-23 13:36:58,28.2333,83.9833,58.95,67,0,4.56
241,South Yuba City,US,2022-11-23 13:39:25,39.1166,-121.6391,50.18,93,0,6.91
242,San Quintin,MX,2022-11-23 13:39:25,30.4833,-115.95,56.19,64,0,4.99
243,Vardo,NO,2022-11-23 13:39:25,70.3705,31.1107,21.18,86,20,14.97
244,Palauig,PH,2022-11-23 13:39:26,15.435,119.9045,82.11,75,98,3.96
245,Sobolevo,RU,2022-11-23 13:39:26,54.4299,31.8996,22.55,97,77,5.75
246,Provideniya,RU,2022-11-23 13:39:27,64.3833,-173.3,9.99,72,0,5.95
247,Gao,ML,2022-11-23 13:39:27,16.6362,1.637,90.68,9,100,14.63
248,Acapulco,MX,2022-11-23 13:35:30,16.8634,-99.8901,75.02,94,40,2.3
249,Timbiqui,CO,2022-11-23 13:39:28,2.7717,-77.6654,78.13,83,73,5.19
250,Puerto Leguizamo,CO,2022-11-23 13:39:28,-0.1934,-74.7819,80.4,72,100,3.78
251,Dryden,CA,2022-11-23 13:39:29,49.7833,-92.7503,17.89,93,0,10.36
252,Abha,SA,2022-11-23 13:39:29,18.2164,42.5053,66.02,55,40,13.8
253,Rosarito,MX,2022-11-23 13:39:30,32.3333,-117.0333,53.4,47,0,2.75
254,Camacha,PT,2022-11-23 13:35:56,33.0833,-16.3333,67.42,73,40,10.36
255,Kahului,US,2022-11-23 13:39:30,20.8947,-156.47,75.85,76,20,5.75
256,Ishigaki,JP,2022-11-23 13:39:31,24.3448,124.1572,73.53,88,100,12.66
257,Elliot Lake,CA,2022-11-23 13:39:32,46.3834,-82.6331,25.29,89,86,1.01
258,Yeppoon,AU,2022-11-23 13:39:32,-23.1333,150.7333,74.98,77,57,6.78
259,Bauchi,NG,2022-11-23 13:39:32,10.5,10.0,91.36,11,99,8.43
260,Lagoa,PT,2022-11-23 13:39:33,39.05,-27.9833,60.46,75,100,18.88
261,Kavaratti,IN,2022-11-23 13:39:33,10.5669,72.642,80.2,65,57,8.01
262,Gunjur,GM,2022-11-23 13:39:34,13.2019,-16.7339,89.67,29,0,10.36
263,Pullman,US,2022-11-23 13:39:34,46.7313,-117.1796,37.85,93,100,15.01
264,Cayenne,GF,2022-11-23 13:39:35,4.9333,-52.3333,86.04,74,100,13.8
265,Sitka,US,2022-11-23 13:39:35,57.0531,-135.33,44.49,81,100,10.36
266,Sinnamary,GF,2022-11-23 13:39:36,5.3833,-52.95,80.49,81,100,7.81
267,Conde,BR,2022-11-23 13:35:25,-7.2597,-34.9075,83.66,58,75,9.22
268,Black River,JM,2022-11-23 13:39:36,18.0264,-77.8487,81.77,71,100,5.61
269,Yar-Sale,RU,2022-11-23 13:34:47,66.8333,70.8333,2.19,97,98,5.23
270,Port Hardy,CA,2022-11-23 13:38:27,50.6996,-127.4199,41.18,100,100,4.61
271,Belmonte,BR,2022-11-23 13:39:37,-15.8631,-38.8828,79.34,73,97,3.06
272,Kruisfontein,ZA,2022-11-23 13:39:38,-34.0033,24.7314,72.0,61,6,21.59
273,Yeniseysk,RU,2022-11-23 13:39:38,58.4497,92.1703,-0.96,89,100,9.64
274,Usinsk,RU,2022-11-23 13:39:39,65.9939,57.5281,2.23,97,99,10.56
275,Ferkessedougou,CI,2022-11-23 13:39:39,9.6,-5.2,95.25,15,20,7.65
276,The Valley,AI,2022-11-23 13:39:40,18.217,-63.0578,82.54,78,40,16.11
277,Muros,ES,2022-11-23 13:40:40,42.7762,-9.0603,62.1,68,77,12.17
278,Padre Bernardo,BR,2022-11-23 13:40:41,-15.35,-48.5,80.89,60,89,3.62
279,Grand-Lahou,CI,2022-11-23 13:40:41,5.1367,-5.0242,85.03,63,16,6.96
280,Port Macquarie,AU,2022-11-23 13:40:42,-31.4333,152.9167,57.88,74,0,5.3
281,Nanakuli,US,2022-11-23 13:40:42,21.3906,-158.1547,75.15,71,40,5.75
282,Bage,BR,2022-11-23 13:40:42,-31.3314,-54.1069,67.78,68,75,5.75
283,Geraldton,AU,2022-11-23 13:40:43,-28.7667,114.6,63.01,77,75,5.75
284,Pisco,PE,2022-11-23 13:40:43,-13.7,-76.2167,66.25,82,100,2.3
285,Saint-Augustin,CA,2022-11-23 13:40:44,51.226,-58.6502,12.11,85,100,6.24
286,Boyolangu,ID,2022-11-23 13:40:44,-8.1181,111.8935,76.68,92,100,2.44
287,Evensk,RU,2022-11-23 13:40:45,61.95,159.2333,10.81,92,100,12.93
288,Wilmington,US,2022-11-23 13:36:25,34.2257,-77.9447,53.51,79,100,4.0
289,Carutapera,BR,2022-11-23 13:40:45,-1.195,-46.02,87.58,58,46,9.57
290,Vitim,RU,2022-11-23 13:40:46,59.4511,112.5578,-1.01,99,100,3.58
291,Saint George,US,2022-11-23 13:36:40,37.1041,-113.5841,28.99,59,0,3.44
292,Buraydah,SA,2022-11-23 13:40:47,26.326,43.975,82.85,25,12,4.0
293,Fairbanks,US,2022-11-23 13:39:48,64.8378,-147.7164,15.76,86,100,3.44
294,Victor Harbor,AU,2022-11-23 13:40:47,-35.5667,138.6167,57.0,81,0,3.13
295,Itaiba,BR,2022-11-23 13:40:48,-8.9475,-37.4228,87.51,39,54,8.97
296,Chany,RU,2022-11-23 13:40:48,55.3121,76.7647,-7.31,96,6,5.19
297,Luganville,VU,2022-11-23 13:40:48,-15.5333,167.1667,80.24,80,9,2.68
298,Monrovia,LR,2022-11-23 13:40:49,6.3005,-10.7969,83.7,69,100,10.47
299,Celestun,MX,2022-11-23 13:40:50,20.8667,-90.4,76.28,86,64,6.69
300,Bukachacha,RU,2022-11-23 13:40:50,52.9833,116.9167,2.46,96,100,1.99
301,Skibbereen,IE,2022-11-23 13:40:50,51.55,-9.2667,51.12,81,20,32.79
302,Hobyo,SO,2022-11-23 13:40:51,5.3505,48.5268,81.59,63,1,14.61
303,Arlit,NE,2022-11-23 13:40:51,18.7369,7.3853,87.42,10,24,5.93
304,Bentiu,SS,2022-11-23 13:40:52,9.2333,29.8333,97.32,18,50,3.87
305,Popova,RU,2022-11-23 13:40:52,42.9603,131.7228,40.28,69,96,4.92
306,Cidreira,BR,2022-11-23 13:40:53,-30.1811,-50.2056,69.67,75,67,9.37
307,Yulara,AU,2022-11-23 13:40:53,-25.2406,130.9889,61.48,79,100,11.43
308,Ozerne,UA,2022-11-23 13:40:54,50.1782,28.7338,28.58,94,100,6.55
309,Kiunga,PG,2022-11-23 13:40:54,-6.1219,141.2906,71.8,99,100,3.78
310,Marawi,PH,2022-11-23 13:40:55,7.9986,124.2928,69.85,92,100,2.15
311,Nhulunbuy,AU,2022-11-23 13:40:55,-12.2333,136.7667,83.01,78,24,0.0
312,Almaznyy,RU,2022-11-23 13:40:56,48.0448,40.045,40.01,69,6,12.28
313,Ahuimanu,US,2022-11-23 13:40:56,21.4447,-157.8378,74.91,78,20,4.61
314,Pevek,RU,2022-11-23 13:40:57,69.7008,170.3133,-29.02,100,56,4.74
315,Lompoc,US,2022-11-23 13:40:57,34.6391,-120.4579,61.79,80,0,6.91
316,Teya,RU,2022-11-23 13:40:57,60.3778,92.6267,-3.6,99,100,2.66
317,Sovetskoye,RU,2022-11-23 13:40:58,52.2861,85.4131,4.75,91,99,9.35
318,Olafsvik,IS,2022-11-23 13:40:58,64.8945,-23.7142,39.13,72,89,40.51
319,Onega,RU,2022-11-23 13:40:59,63.9061,38.1404,15.35,95,26,5.1
320,Byron Bay,AU,2022-11-23 13:40:59,-28.65,153.6167,63.95,69,42,8.75
321,Portland,US,2022-11-23 13:39:37,45.5234,-122.6762,46.26,92,100,5.75
322,Slave Lake,CA,2022-11-23 13:41:00,55.2834,-114.769,31.98,80,0,4.61
323,Zhigansk,RU,2022-11-23 13:42:01,66.7697,123.3711,-32.03,99,100,4.65
324,Constitucion,CL,2022-11-23 13:42:01,-35.3333,-72.4167,69.1,55,4,14.81
325,Clearlake,US,2022-11-23 13:42:02,38.9582,-122.6264,48.81,73,69,2.48
326,Lincoln,US,2022-11-23 13:40:59,40.8,-96.667,41.02,92,100,5.01
327,Tomatlan,MX,2022-11-23 13:42:03,19.9333,-105.25,70.9,79,43,2.71
328,Mahebourg,MU,2022-11-23 13:42:04,-20.4081,57.7,80.89,69,40,11.5
329,Bingol,TR,2022-11-23 13:42:04,38.8847,40.4939,57.72,44,20,6.91
330,Marzuq,YE,2022-11-23 13:42:05,14.4,46.4667,74.62,34,8,6.71
331,Senno,RU,2022-11-23 13:42:05,59.5336,33.9167,22.26,85,100,6.85
332,Pukhrayan,IN,2022-11-23 13:42:06,26.2333,79.85,67.05,32,7,6.64
333,Aykhal,RU,2022-11-23 13:42:06,66.0,111.5,-9.44,98,100,4.81
334,Salmon Creek,US,2022-11-23 13:42:07,45.7107,-122.649,45.79,95,100,5.75
335,Prijepolje,RS,2022-11-23 13:42:08,43.3719,19.6406,44.29,91,100,4.52
336,Stony Plain,CA,2022-11-23 13:38:17,53.5334,-114.0021,35.51,85,0,9.22
337,Monreal,PH,2022-11-23 13:42:09,12.644,123.6648,80.83,86,63,8.93
338,Flinders,AU,2022-11-23 13:42:10,-34.5833,150.8552,61.38,85,13,3.09
339,Nouadhibou,MR,2022-11-23 13:42:11,20.931,-17.0347,82.38,24,0,9.22
340,Ewa Beach,US,2022-11-23 13:40:25,21.3156,-158.0072,75.15,74,40,5.75
341,Tatarsk,RU,2022-11-23 13:42:13,55.219,75.9828,-6.52,95,6,4.99
342,Hambantota,LK,2022-11-23 13:42:14,6.1241,81.1185,84.54,65,20,4.61
343,Sumenep,ID,2022-11-23 13:42:15,-7.0167,113.8667,81.61,78,100,2.33
344,Vredendal,ZA,2022-11-23 13:42:15,-31.6683,18.5012,73.27,45,7,17.74
345,Batesville,US,2022-11-23 13:42:16,35.7698,-91.641,34.21,93,0,0.0
346,Angoram,PG,2022-11-23 13:42:16,-4.0625,144.0661,73.36,99,97,1.14
347,Nizhneivkino,RU,2022-11-23 13:42:17,58.194,49.5214,19.8,93,100,12.59
348,Luderitz,NA,2022-11-23 13:42:17,-26.6481,15.1594,69.84,61,0,15.88
349,Pali,IN,2022-11-23 13:42:18,25.7667,73.3333,71.24,22,0,7.11
350,Faya,SA,2022-11-23 13:42:19,18.3851,42.4509,66.31,57,45,7.83
351,Komsomolskiy,UZ,2022-11-23 13:42:19,40.4272,71.7189,47.12,81,100,4.61
352,Ciudad Bolivar,VE,2022-11-23 13:42:20,8.1222,-63.5497,84.54,60,52,7.94
353,Los Llanos De Aridane,ES,2022-11-23 13:42:21,28.6585,-17.9182,71.35,82,40,5.99
354,Vanavara,RU,2022-11-23 13:42:21,60.34,102.2797,-3.71,99,100,2.71
355,Kologriv,RU,2022-11-23 13:42:22,58.8275,44.3178,21.29,88,100,10.83
356,Cherskiy,RU,2022-11-23 13:42:22,68.75,161.3,-34.17,100,17,0.63
357,Phan Thiet,VN,2022-11-23 13:42:23,10.9333,108.1,76.96,89,66,4.56
358,Taree,AU,2022-11-23 13:42:23,-31.9,152.4667,56.07,74,0,3.94
359,Manicore,BR,2022-11-23 13:42:24,-5.8092,-61.3003,76.95,88,100,4.61
360,Vostok,RU,2022-11-23 13:42:24,46.4856,135.8833,15.31,95,100,0.89
361,Caramoan,PH,2022-11-23 13:42:25,13.7707,123.8631,79.3,87,85,2.48
362,Frunze,UA,2022-11-23 13:42:26,48.6686,38.7544,38.03,75,6,10.94
363,Phalaborwa,ZA,2022-11-23 13:42:26,-23.943,31.1411,94.28,23,14,5.19
364,Umm Kaddadah,SD,2022-11-23 13:42:27,13.6017,26.6876,90.03,14,10,9.66
365,Takoradi,GH,2022-11-23 13:42:28,4.8845,-1.7554,83.91,67,55,7.78
366,Norman Wells,CA,2022-11-23 13:42:28,65.282,-126.8329,15.84,86,100,3.44
367,Souillac,MU,2022-11-23 13:42:29,-20.5167,57.5167,80.98,69,40,11.5
368,Tobol,KZ,2022-11-23 13:42:29,52.6844,62.5794,13.5,93,100,8.68
369,Georgiyevka,KZ,2022-11-23 13:42:30,43.0369,74.7114,48.24,76,20,8.95
370,Alugan,PH,2022-11-23 13:42:31,12.2188,125.4808,81.52,85,50,11.68
371,Labytnangi,RU,2022-11-23 13:43:31,66.6572,66.4183,0.61,84,100,8.21
372,Masuda,JP,2022-11-23 13:43:32,34.6667,131.85,58.68,76,100,12.82
373,Saint-Leu,RE,2022-11-23 13:43:33,-21.15,55.2833,79.66,75,35,1.1
374,Smithers,CA,2022-11-23 13:40:15,54.7804,-127.1743,25.12,100,75,2.3
375,Belonia,IN,2022-11-23 13:43:33,23.2528,91.4514,66.49,71,5,4.52
376,Dali,CN,2022-11-23 13:43:34,25.7,100.1833,50.4,61,47,4.43
377,Lake Cowichan,CA,2022-11-23 13:43:34,48.825,-124.0546,44.8,93,100,2.28
378,Santarem,BR,2022-11-23 13:43:35,-2.4431,-54.7083,86.13,79,20,11.5
379,Badvel,IN,2022-11-23 13:43:35,14.75,79.05,75.61,88,100,7.27
380,Gouyave,GD,2022-11-23 13:43:36,12.1646,-61.7296,79.57,83,75,19.57
381,Necochea,AR,2022-11-23 13:43:36,-38.5473,-58.7368,79.16,33,96,15.7
382,Katsuura,JP,2022-11-23 13:43:36,35.1333,140.3,55.42,93,88,17.25
383,Peterhead,GB,2022-11-23 13:43:37,57.5058,-1.7981,48.6,84,100,31.92
384,Willowmore,ZA,2022-11-23 13:43:38,-33.2926,23.4895,89.53,13,13,26.4
385,Sao Joao Da Barra,BR,2022-11-23 13:43:38,-21.6403,-41.0511,80.69,78,97,13.8
386,Sibolga,ID,2022-11-23 13:43:39,1.7427,98.7792,75.88,89,81,1.7
387,Nadym,RU,2022-11-23 13:43:39,65.5333,72.5167,1.96,97,100,3.6
388,Tonstad,NO,2022-11-23 13:43:40,58.6626,6.7169,42.21,96,100,25.19
389,Kingman,US,2022-11-23 13:43:40,35.1894,-114.053,43.54,39,0,5.01
390,Kungurtug,RU,2022-11-23 13:43:41,50.5994,97.5228,9.55,94,100,2.84
391,General Roca,AR,2022-11-23 13:41:22,-39.0333,-67.5833,80.06,40,41,1.99
392,Ostersund,SE,2022-11-23 13:43:41,63.1792,14.6357,24.62,100,100,12.66
393,Moron,AR,2022-11-23 13:43:42,-34.6534,-58.6198,79.95,36,2,9.28
394,Simpang,ID,2022-11-23 13:43:42,-1.2667,104.0833,76.24,92,94,2.06
395,Nelson Bay,AU,2022-11-23 13:43:43,-32.7167,152.15,66.0,80,0,3.0
396,Kupang,ID,2022-11-23 13:43:43,-10.1667,123.5833,80.22,83,96,3.11
397,Pemangkat,ID,2022-11-23 13:43:44,1.1667,108.9667,80.83,77,100,6.69
398,Ahipara,NZ,2022-11-23 13:43:45,-35.1667,173.1667,60.15,81,1,15.08
399,Fort-De-France,MQ,2022-11-23 13:40:40,14.6089,-61.0733,84.15,74,75,13.8
400,Lumut,MY,2022-11-23 13:43:45,4.2323,100.6298,82.42,78,20,2.3
401,Salinopolis,BR,2022-11-23 13:41:21,-0.6136,-47.3561,83.95,72,43,11.3
402,Popondetta,PG,2022-11-23 13:43:46,-8.7537,148.2534,75.76,85,3,2.66
403,Honningsvag,NO,2022-11-23 13:43:46,70.9821,25.9704,28.15,74,3,29.93
404,Puerto Carreno,CO,2022-11-23 13:43:47,6.189,-67.4859,80.58,78,0,10.36
405,Wanaka,NZ,2022-11-23 13:43:47,-44.7,169.15,44.11,84,75,8.01
406,Aripuana,BR,2022-11-23 13:43:48,-9.1667,-60.6333,74.21,91,100,1.48
407,Nanortalik,GL,2022-11-23 13:43:48,60.1432,-45.2371,34.43,82,100,3.69
408,Atambua,ID,2022-11-23 13:43:49,-9.1061,124.8925,77.32,83,100,2.3
409,Polunochnoye,RU,2022-11-23 13:43:49,60.8697,60.4153,-5.69,100,65,3.69
410,Susangerd,IR,2022-11-23 13:43:50,31.5608,48.1831,78.51,21,93,5.77
411,Dunmore East,IE,2022-11-23 13:43:50,52.1514,-6.9861,53.24,71,20,13.8
412,Baherden,TM,2022-11-23 13:43:51,38.4362,57.4316,64.85,26,100,2.01
413,Baykit,RU,2022-11-23 13:43:51,61.67,96.37,-6.86,96,100,4.68
414,Burgeo,CA,2022-11-23 13:43:52,47.6167,-57.6152,35.58,71,100,17.63
415,Bose,IT,2022-11-23 13:43:52,45.4612,8.0137,55.74,48,0,1.25
416,Guerrero Negro,MX,2022-11-23 13:44:53,27.9769,-114.0611,57.54,79,0,3.87
417,Codrington,AU,2022-11-23 13:44:53,-38.2667,141.9667,52.63,87,100,6.78
418,Tingo Maria,PE,2022-11-23 13:44:54,-9.2895,-76.0088,71.91,88,100,2.3
419,Seminole,US,2022-11-23 13:44:54,28.7086,-81.2081,68.05,98,100,9.22
420,Navirai,BR,2022-11-23 13:44:55,-23.065,-54.1906,78.6,61,86,6.15
421,Flin Flon,CA,2022-11-23 13:44:55,54.7682,-101.865,28.24,86,100,5.75
422,Krasnoselkup,RU,2022-11-23 13:44:55,65.7,82.4667,-29.78,100,90,4.59
423,Hailey,US,2022-11-23 13:44:56,43.5196,-114.3153,27.99,76,3,7.0
424,Changqing,CN,2022-11-23 13:44:57,36.5575,116.7272,53.49,73,100,7.52
425,Gaimersheim,DE,2022-11-23 13:44:57,48.807,11.368,48.38,67,20,3.44
426,Antofagasta,CL,2022-11-23 13:44:49,-23.65,-70.4,67.28,63,2,6.02
427,Laguna,US,2022-11-23 13:44:58,38.421,-121.4238,51.01,84,0,0.0
428,San Policarpo,PH,2022-11-23 13:44:58,12.1791,125.5072,82.09,84,42,12.62
429,Toamasina,MG,2022-11-23 13:41:08,-18.1667,49.3833,82.4,69,20,9.22
430,Sumbe,AO,2022-11-23 13:44:59,-11.2061,13.8437,82.31,75,100,10.25
431,Orda,RU,2022-11-23 13:45:00,57.1951,56.9091,17.58,90,100,10.63
432,Oxelosund,SE,2022-11-23 13:45:00,58.6706,17.1015,35.98,87,75,9.22
433,Palu,ID,2022-11-23 13:45:00,-0.8917,119.8707,77.25,94,100,2.3
434,Srednekolymsk,RU,2022-11-23 13:45:01,67.45,153.6833,-26.55,97,99,7.31
435,Vila Velha,BR,2022-11-23 13:45:01,-20.3297,-40.2925,78.75,83,75,11.01
436,Zhezkazgan,KZ,2022-11-23 13:45:03,47.8043,67.7144,30.18,93,100,13.42
437,Havelock,US,2022-11-23 13:45:05,34.8791,-76.9013,55.38,71,75,9.22
438,Marica,BR,2022-11-23 13:43:08,-22.9194,-42.8186,85.95,69,100,4.68
439,Fuerte Olimpo,PY,2022-11-23 13:45:06,-21.0415,-57.8738,84.7,45,11,6.44
440,Petropavlovsk-Kamchatskiy,RU,2022-11-23 13:45:07,53.0452,158.6483,28.99,69,40,6.71
441,Shelburne,CA,2022-11-23 13:45:07,44.0787,-80.2041,34.25,93,42,5.75
442,Sragen,ID,2022-11-23 13:42:25,-7.4264,111.0222,76.35,94,100,5.77
443,Asfi,MA,2022-11-23 13:45:08,32.2994,-9.2372,71.13,60,100,14.79
444,Yenagoa,NG,2022-11-23 13:45:09,4.9247,6.2642,93.18,38,42,3.56
445,Kollam,IN,2022-11-23 13:45:10,8.8833,76.6,77.41,64,88,7.09
446,Codajas,BR,2022-11-23 13:45:10,-3.8367,-62.0569,74.01,94,100,2.39
447,Esil,KZ,2022-11-23 13:45:11,51.9556,66.4042,11.01,88,100,9.28
448,Shimanovsk,RU,2022-11-23 13:45:11,52.0,127.7,-9.31,100,7,1.14
449,Goure,NE,2022-11-23 13:45:12,13.9835,10.2704,89.4,7,9,15.59
450,Oktyabrskoye,RU,2022-11-23 13:45:14,43.0645,44.7417,44.74,87,40,6.71
451,Hovd,MN,2022-11-23 13:45:15,48.0056,91.6419,24.01,31,11,17.18
452,Asau,RO,2022-11-23 13:45:16,46.4333,26.4,36.52,99,100,2.93
453,Valparaiso,CL,2022-11-23 13:45:17,-33.0393,-71.6273,66.99,82,100,8.05
454,Baker City,US,2022-11-23 13:45:17,44.7749,-117.8344,32.65,86,0,0.0
455,Ushtobe,KZ,2022-11-23 13:45:18,45.2514,77.9838,37.62,84,100,2.53
456,Kidal,ML,2022-11-23 13:45:18,18.4411,1.4078,86.9,9,100,15.14
457,Chengam,IN,2022-11-23 13:45:19,12.3,78.8,73.35,92,72,4.14
458,Fereydun Kenar,IR,2022-11-23 13:46:19,36.6864,52.5225,68.22,68,0,6.91
459,Scarborough,GB,2022-11-23 13:43:46,54.2797,-0.4044,47.66,92,100,7.0
460,Vrangel,RU,2022-11-23 13:46:20,42.7297,133.0839,35.71,55,11,5.12
461,Ovalle,CL,2022-11-23 13:46:21,-30.5983,-71.2003,74.97,50,3,5.06
462,Karangasem,ID,2022-11-23 13:46:21,-8.45,115.6167,77.0,90,99,4.34
463,Dom Pedrito,BR,2022-11-23 13:41:49,-30.9828,-54.6731,72.39,43,65,5.55
464,Meadow Lake,US,2022-11-23 13:46:23,34.8014,-106.5436,38.14,43,19,3.36
465,La Palma,US,2022-11-23 13:46:23,33.8464,-118.0467,62.91,66,0,0.0
466,Kang,BW,2022-11-23 13:46:24,-23.6752,22.7876,89.89,28,68,9.98
467,Areosa,PT,2022-11-23 13:46:24,41.7178,-8.8571,59.61,72,100,5.12
468,Kinlochleven,GB,2022-11-23 13:46:25,56.7115,-4.9661,44.42,99,100,4.14
469,Porto Novo,BJ,2022-11-23 13:46:25,6.4965,2.6036,87.62,52,1,11.63
470,Osvaldo Cruz,BR,2022-11-23 13:42:03,-21.7967,-50.8786,82.58,55,100,4.45
471,Broken Hill,AU,2022-11-23 13:44:46,-31.95,141.4333,65.08,44,3,10.94
472,Coahuayana,MX,2022-11-23 13:46:28,18.7333,-103.6833,74.64,80,5,2.57
473,Segovia,ES,2022-11-23 13:46:29,41.1667,-4.0,57.43,73,84,20.94
474,Kutum,SD,2022-11-23 13:46:29,14.2,24.6667,83.52,16,92,6.15
475,Ponta Delgada,PT,2022-11-23 13:46:30,37.7333,-25.6667,62.51,88,75,4.61
476,Kargopol,RU,2022-11-23 13:46:31,61.5071,38.9456,11.01,89,5,6.58
477,Mount Isa,AU,2022-11-23 13:46:31,-20.7333,139.5,80.37,17,95,14.97
478,Bonthe,SL,2022-11-23 13:46:32,7.5264,-12.505,85.69,62,100,8.66
479,Tadine,NC,2022-11-23 13:46:32,-21.55,167.8833,75.51,83,1,6.08
480,Kismayo,SO,2022-11-23 13:46:33,-0.3582,42.5454,81.52,73,53,13.91
481,Tabuk,PH,2022-11-23 13:46:33,17.4189,121.4443,75.7,91,92,2.33
482,Comodoro Rivadavia,AR,2022-11-23 13:46:34,-45.8667,-67.5,75.06,29,0,27.63
483,Cody,US,2022-11-23 13:46:34,44.5263,-109.0565,37.62,44,0,16.11
484,Lithakia,GR,2022-11-23 13:46:35,37.7167,20.8333,61.97,77,40,5.75
485,Bend,US,2022-11-23 13:45:54,44.0582,-121.3153,32.99,83,0,6.91
486,Eina,NO,2022-11-23 13:46:35,60.6295,10.5993,31.06,97,100,6.15
487,Waipawa,NZ,2022-11-23 13:46:36,-41.4122,175.5153,54.03,75,37,21.74
488,Rio Grande,BR,2022-11-23 13:46:36,-32.035,-52.0986,75.31,58,57,5.61
489,San Patricio,US,2022-11-23 13:46:37,28.017,-97.5169,55.83,87,99,7.49
490,Ilam,NP,2022-11-23 13:46:38,26.9167,87.9167,56.1,84,15,3.74
491,Morondava,MG,2022-11-23 13:46:38,-20.2833,44.2833,81.32,62,0,17.69
492,Samarai,PG,2022-11-23 13:46:39,-10.6167,150.6667,83.7,77,8,13.6
493,Rincon,US,2022-11-23 13:41:54,32.296,-81.2354,57.85,73,100,6.91
494,Selma,US,2022-11-23 13:42:11,36.5708,-119.6121,41.05,93,0,0.0
495,Fukue,JP,2022-11-23 13:46:40,32.6881,128.8419,64.0,62,74,12.44
496,Sao Filipe,CV,2022-11-23 13:46:40,14.8961,-24.4956,81.14,53,91,14.94
497,Caborca,MX,2022-11-23 13:46:40,30.5838,-111.101,50.23,46,3,0.98
498,Iralaya,HN,2022-11-23 13:46:41,15.0,-83.2333,81.46,78,22,8.39
499,Kibondo,TZ,2022-11-23 13:46:41,-3.5864,30.7203,72.84,67,96,4.05
500,Benguela,AO,2022-11-23 13:46:42,-12.5763,13.4055,81.41,74,55,8.9
501,Sorland,NO,2022-11-23 13:46:42,67.667,12.6934,40.86,55,100,17.56
502,Florida,US,2022-11-23 13:46:43,28.7505,-82.5001,64.81,87,100,5.75
503,Porosozero,RU,2022-11-23 13:46:43,62.7191,32.727,16.36,88,8,6.4
504,Denpasar,ID,2022-11-23 13:45:10,-8.65,115.2167,76.71,100,75,3.44
505,Mumford,GH,2022-11-23 13:42:10,5.2618,-0.759,83.28,66,36,7.58
506,Puksoozero,RU,2022-11-23 13:47:44,62.5903,40.6066,10.62,96,48,6.67
507,Nizhniy Kuranakh,RU,2022-11-23 13:47:44,58.8353,125.4869,-10.17,94,100,1.63
508,Benin,BJ,2022-11-23 13:47:45,9.5,2.25,96.58,13,2,5.44
509,Auchi,NG,2022-11-23 13:47:45,7.0667,6.2667,93.74,28,5,7.0
510,Kysyl-Syr,RU,2022-11-23 13:47:46,63.8986,122.7617,-14.6,99,100,0.65
511,Alta Floresta,BR,2022-11-23 13:47:46,-9.8756,-56.0861,85.82,74,75,5.75
512,Sassandra,CI,2022-11-23 13:47:47,4.95,-6.0833,84.11,64,69,8.21
513,Pitea,SE,2022-11-23 13:47:47,65.3172,21.4794,14.09,89,100,9.01
514,Hakui,JP,2022-11-23 13:47:48,36.8833,136.7833,55.24,97,100,1.81
515,Brewster,US,2022-11-23 13:47:48,41.3973,-73.6171,46.54,55,3,5.17
516,Vikesa,NO,2022-11-23 13:47:49,58.6376,6.0913,46.89,87,94,24.85
517,Tura,IN,2022-11-23 13:47:49,25.5198,90.2201,62.74,94,3,3.18
518,Miechow,PL,2022-11-23 13:47:50,50.3565,20.0279,36.61,87,100,9.51
519,Tezu,IN,2022-11-23 13:47:50,27.9167,96.1667,64.0,53,0,4.38
520,Lovozero,RU,2022-11-23 13:47:51,68.005,35.0117,25.25,96,100,1.36
521,Shenkursk,RU,2022-11-23 13:47:51,62.1091,42.896,12.22,97,87,5.66
522,Mlonggo,ID,2022-11-23 13:47:51,-6.5333,110.7,81.5,78,99,5.39
523,Reshetylivka,UA,2022-11-23 13:47:52,49.565,34.0782,34.3,80,8,4.09
524,Mogadishu,SO,2022-11-23 13:47:52,2.0371,45.3438,85.87,70,20,14.97
525,Kuytun,RU,2022-11-23 13:47:53,54.3419,101.5036,15.89,86,100,12.3
526,Abu Dhabi,AE,2022-11-23 13:43:06,24.4667,54.3667,84.22,63,20,9.22
527,Svetlogorsk,BY,2022-11-23 13:47:53,52.6333,29.7333,15.6,97,13,1.57
528,La Ronge,CA,2022-11-23 13:47:54,55.1001,-105.2842,32.25,80,100,4.61
529,Camacupa,AO,2022-11-23 13:47:54,-12.0167,17.4833,68.86,79,88,9.48
530,Basoko,CD,2022-11-23 13:47:55,1.2391,23.616,80.02,66,96,4.0
531,Vero Beach,US,2022-11-23 13:44:37,27.6386,-80.3973,73.06,86,100,4.61
532,Ikot Ekpene,NG,2022-11-23 13:47:55,5.1794,7.7108,94.5,33,22,4.29
533,Bahia Blanca,AR,2022-11-23 13:44:33,-38.7196,-62.2724,83.28,28,3,1.99
534,Qaqortoq,GL,2022-11-23 13:47:56,60.7167,-46.0333,38.3,57,100,14.97
535,Grand Gaube,MU,2022-11-23 13:47:56,-20.0064,57.6608,81.0,67,1,4.0
536,Adelaide,AU,2022-11-23 13:44:31,-34.9333,138.6,57.09,74,0,3.0
537,Les Cayes,HT,2022-11-23 13:47:57,18.2,-73.75,82.56,72,39,5.91
538,Longwy,FR,2022-11-23 13:47:57,49.5194,5.7688,47.75,80,83,8.01
539,Sangar,RU,2022-11-23 13:47:58,63.9242,127.4739,-18.53,97,99,3.76
540,Port Maria,JM,2022-11-23 13:47:59,18.3685,-76.8895,82.02,85,100,6.96
541,Lubao,PH,2022-11-23 13:47:59,14.9167,120.55,80.67,84,90,4.52
542,Plettenberg Bay,ZA,2022-11-23 13:47:59,-34.0527,23.3716,69.55,71,28,10.78
543,Beloha,MG,2022-11-23 13:48:00,-25.1667,45.05,78.93,65,0,20.76
544,San Rafael,AR,2022-11-23 13:43:49,-34.6177,-68.3301,82.83,18,0,10.76
545,Qom,IR,2022-11-23 13:48:01,34.6401,50.8764,60.46,25,100,3.0
546,Tautira,PF,2022-11-23 13:48:01,-17.7333,-149.15,77.02,84,100,12.68
547,Chicama,PE,2022-11-23 13:48:02,-7.8447,-79.1469,63.14,65,3,5.7
548,Honiara,SB,2022-11-23 13:48:03,-9.4333,159.95,78.19,86,13,3.87
549,Effium,NG,2022-11-23 13:48:03,6.6292,8.0593,95.85,15,2,9.19
550,Tres Arroyos,AR,2022-11-23 13:48:04,-38.3739,-60.2798,84.69,23,55,18.61
551,Devgarh,IN,2022-11-23 13:48:05,25.5333,73.9,65.21,25,5,5.82
552,Talagang,PK,2022-11-23 13:48:05,32.9297,72.4158,61.77,24,0,3.4
553,Sulangan,PH,2022-11-23 13:48:06,11.1373,123.7228,83.53,77,99,12.12
554,Korocha,RU,2022-11-23 13:49:07,50.8107,37.1953,29.12,85,98,12.37
555,Norrkoping,SE,2022-11-23 13:49:07,58.5942,16.1826,36.57,92,75,8.05
